Workbook
Name Slicer_Airline: #N/A
Name Slicer_Delay_Status: #N/A
Name Slicer_Destination_City: #N/A
Name Slicer_Source_City: #N/A

Sheet data
A1: Date | B1: Airline | C1: Flight_Number | D1: Source_City | E1: Destination_City | F1: Departure_Time | G1: Stops | H1: Arrival_Time | I1: Class | J1: Duration_Hours | K1: Delay_Minutes | L1: Delay_Reason | M1: Delay_Status | N1: Route
A2: 45332 | B2: IndiGo | C2: IN-132 | D2: Delhi | E2: Chennai | F2: Morning | G2: zero | H2: Morning | I2: Economy | J2: 7.7 | K2: 0 | L2: None | M2: =IF(K2=0,"On Time","Delayed") -> On Time | N2: =D2 & " → " & E2 -> Delhi → Chennai
A3: 45293 | B3: IndiGo | C3: IN-384 | D3: Mumbai | E3: Bangalore | F3: Night | G3: zero | H3: Night | I3: Economy | J3: 6.22 | K3: 96 | L3: Weather | M3: =IF(K3=0,"On Time","Delayed") -> Delayed | N3: =D3 & " → " & E3 -> Mumbai → Bangalore
A4: 45343 | B4: IndiGo | C4: IN-199 | D4: Mumbai | E4: Hyderabad | F4: Afternoon | G4: zero | H4: Afternoon | I4: Economy | J4: 2.47 | K4: 102 | L4: Weather | M4: =IF(K4=0,"On Time","Delayed") -> Delayed | N4: =D4 & " → " & E4 -> Mumbai → Hyderabad
A5: 45314 | B5: SpiceJet | C5: SP-982 | D5: Hyderabad | E5: Bangalore | F5: Early_Morning | G5: zero | H5: Evening | I5: Business | J5: 7.99 | K5: 15 | L5: Air Traffic | M5: =IF(K5=0,"On Time","Delayed") -> Delayed | N5: =D5 & " → " & E5 -> Hyderabad → Bangalore
A6: 45315 | B6: AirAsia | C6: AI-489 | D6: Mumbai | E6: Delhi | F6: Early_Morning | G6: one | H6: Morning | I6: Economy | J6: 10.6 | K6: 0 | L6: None | M6: =IF(K6=0,"On Time","Delayed") -> On Time | N6: =D6 & " → " & E6 -> Mumbai → Delhi
A7: 45309 | B7: Vistara | C7: VI-763 | D7: Kolkata | E7: Bangalore | F7: Morning | G7: one | H7: Afternoon | I7: Economy | J7: 11.33 | K7: 90 | L7: Air Traffic | M7: =IF(K7=0,"On Time","Delayed") -> Delayed | N7: =D7 & " → " & E7 -> Kolkata → Bangalore
A8: 45296 | B8: AirAsia | C8: AI-324 | D8: Kolkata | E8: Mumbai | F8: Night | G8: zero | H8: Morning | I8: Business | J8: 8.73 | K8: 53 | L8: Air Traffic | M8: =IF(K8=0,"On Time","Delayed") -> Delayed | N8: =D8 & " → " & E8 -> Kolkata → Mumbai
A9: 45335 | B9: SpiceJet | C9: SP-680 | D9: Delhi | E9: Bangalore | F9: Early_Morning | G9: one | H9: Afternoon | I9: Business | J9: 11.09 | K9: 0 | L9: None | M9: =IF(K9=0,"On Time","Delayed") -> On Time | N9: =D9 & " → " & E9 -> Delhi → Bangalore
A10: 45348 | B10: SpiceJet | C10: SP-651 | D10: Mumbai | E10: Hyderabad | F10: Evening | G10: zero | H10: Evening | I10: Business | J10: 9.32 | K10: 0 | L10: None | M10: =IF(K10=0,"On Time","Delayed") -> On Time | N10: =D10 & " → " & E10 -> Mumbai → Hyderabad
A11: 45308 | B11: AirAsia | C11: AI-981 | D11: Chennai | E11: Kolkata | F11: Evening | G11: zero | H11: Afternoon | I11: Economy | J11: 9.44 | K11: 70 | L11: Weather | M11: =IF(K11=0,"On Time","Delayed") -> Delayed | N11: =D11 & " → " & E11 -> Chennai → Kolkata
A12: 45299 | B12: Air India | C12: AI-666 | D12: Kolkata | E12: Mumbai | F12: Evening | G12: zero | H12: Night | I12: Business | J12: 4.14 | K12: 53 | L12: Air Traffic | M12: =IF(K12=0,"On Time","Delayed") -> Delayed | N12: =D12 & " → " & E12 -> Kolkata → Mumbai
A13: 45347 | B13: IndiGo | C13: IN-839 | D13: Kolkata | E13: Delhi | F13: Night | G13: one | H13: Afternoon | I13: Economy | J13: 6.26 | K13: 42 | L13: Weather | M13: =IF(K13=0,"On Time","Delayed") -> Delayed | N13: =D13 & " → " & E13 -> Kolkata → Delhi
... A601: 45301 | B601: IndiGo | C601: IN-918 | D601: Kolkata | E601: Hyderabad | F601: Night | G601: one | H601: Afternoon | I601: Business | J601: 8.5 | K601: 119 | L601: Air Traffic | M601: =IF(K601=0,"On Time","Delayed") -> Delayed | N601: =D601 & " → " & E601 -> Kolkata → Hyderabad

Sheet KPIs
A1: Total Flights | B1: Avg Delay | C1: On Time Flights | D1: Delayed Flights | E1: On Time %
A2: =COUNTA(data!C:C) -> 601 | B2: =AVERAGE(data!K:K) -> 33.366667 | C2: =COUNTIF(data!M:M, "On Time") -> 295 | D2: =COUNTIF(data!M:M, "Delayed") -> 305 | E2: =COUNTIF(data!M:M, "On Time") -> 295

Sheet Pivot
A1: Row Labels | B1: Count of Flight_Number | C1: Row Labels | D1: Count of Flight_Number | E1: Row Labels | F1: Count of Flight_Number | H1: Row Labels | I1: Average of Delay_Minutes
A2: Air India | B2: 53 | C2: Delayed | D2: 305 | E2: Mumbai → Hyderabad | F2: 17 | H2: Air India | I2: 59.962264
A3: AirAsia | B3: 65 | C3: On Time | D3: 295 | E3: Hyderabad → Kolkata | F3: 16 | H3: AirAsia | I3: 60.892308
A4: IndiGo | B4: 60 | C4: Grand Total | D4: 600 | E4: Chennai → Bangalore | F4: 14 | H4: IndiGo | I4: 81.783333
A5: SpiceJet | B5: 61 | E5: Kolkata → Chennai | F5: 14 | H5: SpiceJet | I5: 57.098361
A6: Vistara | B6: 66 | E6: Bangalore → Kolkata | F6: 14 | H6: Vistara | I6: 68.090909
A7: Grand Total | B7: 305 | E7: Bangalore → Hyderabad | F7: 14 | H7: Grand Total | I7: 65.639344
E8: Delhi → Chennai | F8: 13
E9: Hyderabad → Bangalore | F9: 13
E10: Bangalore → Delhi | F10: 12 | H10: Row Labels | I10: Count of Flight_Number
E11: Hyderabad → Mumbai | F11: 12 | H11: Afternoon | I11: 129
E12: Chennai → Mumbai | F12: 11 | H12: Early_Morning | I12: 116
E13: Chennai → Delhi | F13: 11 | H13: Evening | I13: 112
E14: Delhi → Kolkata | F14: 11 | H14: Morning | I14: 114
E15: Hyderabad → Chennai | F15: 10 | H15: Night | I15: 129
E16: Kolkata → Bangalore | F16: 10 | H16: Grand Total | I16: 600
E17: Kolkata → Hyderabad | F17: 10
E18: Mumbai → Delhi | F18: 10
E19: Bangalore → Chennai | F19: 10
E20: Mumbai → Kolkata | F20: 9
E21: Delhi → Bangalore | F21: 9
E22: Chennai → Hyderabad | F22: 8
E23: Mumbai → Chennai | F23: 8
E24: Kolkata → Mumbai | F24: 8
E25: Chennai → Kolkata | F25: 8
E26: Kolkata → Delhi | F26: 7
E27: Mumbai → Bangalore | F27: 7
E28: Delhi → Hyderabad | F28: 6
... E32: Grand Total | F32: 305

Sheet Flight  Analysis Dashboard
I6: Flight Performance Dashboard
